run,type,max,min,median,mean,stddev
0,agent,49634660.4945517,1691023.1385648344,25062151.07507313,24516419.562415373,16929744.864752717
0,firm,182924735.2633813,12039157.846275238,41850722.77977318,53191379.757584624,47064675.241467685
1,agent,46505037.40372329,-5644984.754992495,10046086.432597518,14218238.200563157,15845463.435409471
1,firm,83167299.46978761,7776466.153462416,40732478.45180884,45180311.87943684,25030826.42517929
