run,type,max,min,median,mean,stddev
0,agent,101957390.44574459,-3295937.053568655,21433988.070652124,29643602.381096024,29615895.63690809
0,firm,96337699.54254137,8216944.638789889,33612900.166642174,46748423.61890398,34006826.154952236
1,agent,57429470.070880726,7634194.609119441,34342146.31284009,31783027.53510248,16330078.74711654
1,firm,96080633.0388539,12000000.0,56799190.92552721,57819175.664897524,22967026.20202194
